epoch,val_mPA
1,0.8165379827221234
2,0.8168408513069153
3,0.8348547180493673
4,0.83841825624307
5,0.8250737845897674
6,0.843730953335762
7,0.8206457972526551
8,0.8593718538681666
9,0.8481772681077321
10,0.8556452254454295
