epoch,val_fps
1,37.163105841977426
2,32.92618394719553
3,32.77366711327167
4,32.99342608008553
5,41.5901012024335
6,41.55565300820093
7,41.175937432622426
8,33.04638133947115
9,40.98131441898207
10,41.975828368934685
